,,percent
num_households_CHR,num_age_17_and_younger,0.999797756043259
num_limited_english_abilities,num_not_proficient_in_english,0.9995255429185653
population_2,total_population,0.9994847863871135
num_workers_who_drive_alone,labor_force,0.9994744650967824
num_uninsured_2,num_uninsured,0.9991099784589806
num_households_CDC,num_housing_units,0.9989320966535539
percent_overcrowding,overcrowding,0.9989246725529888
labor_force,population_2,0.9984643520932308
num_workers_who_drive_alone,population_2,0.9984163727136358
num_workers_who_drive_alone,total_population,0.9982378752319366
labor_force,total_population,0.9977780579920192
num_deaths_3,num_deaths_4,0.9972983721498935
num_single_parent_households_CDC,num_single_parent_households_CHR,0.9970080326043249
num_households_CDC,total_population,0.9968662180857585
population,total_population,0.9968067844928682
num_households_CDC,num_workers_who_drive_alone,0.9964931004248456
population,population_2,0.9964648729846317
population_2,num_age_17_and_younger,0.9964075840636692
num_workers_who_drive_alone,population,0.9963899648221045
population_2,num_households_CDC,0.9963124334383975
population,num_some_college,0.9957930859025744
population_2,num_households_CHR,0.9957863693923065
population,labor_force,0.9956688612589848
labor_force,num_households_CDC,0.9956098963499052
total_population,num_age_17_and_younger,0.9954354779892087
total_population,num_housing_units,0.9947730573391792
num_some_college,num_workers_who_drive_alone,0.9946653847893178
population_2,num_housing_units,0.9945295844567096
total_population,num_households_CHR,0.9942259015566541
population,num_households_CDC,0.9939862454677597
num_housing_units,num_workers_who_drive_alone,0.9934997993623699
labor_force,num_age_17_and_younger,0.9933874776919427
num_workers_who_drive_alone,num_age_17_and_younger,0.9932401599275023
num_some_college,labor_force,0.9932288848535136
num_housing_units,labor_force,0.9929036558524087
labor_force,num_households_CHR,0.9928161802439827
num_households_CDC,num_some_college,0.9926020399802663
num_driving_deaths,num_motor_vehicle_deaths,0.9925317036640321
num_workers_who_drive_alone,num_households_CHR,0.9924739229795989
mean_temp_3d_avg,mean_temp_5d_avg,0.9923333282078102
num_disabled,num_housing_units,0.9921236355754148
num_age_17_and_younger,population,0.991938262505454
num_deaths_2,num_disabled,0.9918007148208559
num_deaths,num_disabled,0.9917472106917947
num_food_insecure,num_single_parent_households_CDC,0.9917078236993218
num_some_college,total_population,0.9914783126183396
mean_temp_10d_avg,mean_temp_15d_avg,0.9911585998242063
population_2,num_some_college,0.9910761333129193
population,num_households_CHR,0.9910297160115017
dewpoint_3d_avg,dewpoint_5d_avg,0.9908872145661526
population,num_housing_units,0.990840783110599
max_temp_3d_avg,max_temp_5d_avg,0.9906272060179019
num_households_CDC,num_disabled,0.9904966784557153
min_temp_10d_avg,min_temp_15d_avg,0.9904669019263009
min_temp_3d_avg,min_temp_5d_avg,0.9903688062754683
num_no_highschool_diploma,num_minorities,0.9896268448572032
dewpoint_15d_avg,dewpoint_10d_avg,0.9896209081365678
percent_uninsured,percent_uninsured_2,0.9895534742701682
num_single_parent_households_CHR,num_food_insecure,0.9894819985971839
max_temp_15d_avg,max_temp_10d_avg,0.9894720935095069
num_age_65_and_older,num_housing_units,0.9894399162222777
num_age_17_and_younger,num_households_CDC,0.9891600830382771
total_population,num_disabled,0.9886524307476972
num_housing_units,num_some_college,0.9885380459710438
num_single_parent_households_CDC,num_disabled,0.9883848371375594
num_unemployed_CHR,total_population,0.9881860562955712
num_households_CDC,num_households_CHR,0.9880964990629001
num_disabled,population_2,0.9880858392337303
num_below_poverty,num_single_parent_households_CHR,0.9880754152027162
num_single_parent_households_CDC,num_housing_units,0.9880708050252526
num_households_CDC,num_single_parent_households_CDC,0.9877771955123442
num_households_CDC,num_age_65_and_older,0.9876734272124535
num_unemployed_CHR,population_2,0.9872317165027021
total_population,num_single_parent_households_CDC,0.9868451857226075
num_housing_units,num_age_17_and_younger,0.9867021177245101
num_below_poverty,num_single_parent_households_CDC,0.9864293363185572
num_single_parent_households_CDC,population,0.9863689801154302
population_2,num_single_parent_households_CDC,0.9863586898133377
num_some_college,num_dentists,0.9863543686067545
num_age_17_and_younger,num_unemployed_CHR,0.9862419460033491
num_unemployed_CDC,total_population,0.9862154381319798
average_number_of_physically_unhealthy_days,percent_frequent_physical_distress,0.9861579886586553
total_population,num_age_65_and_older,0.9860925714707411
num_disabled,num_age_65_and_older,0.9859288825938621
num_unemployed_CDC,num_unemployed_CHR,0.9859152720436792
num_age_17_and_younger,num_single_parent_households_CDC,0.9858956884569983
num_housing_units,num_households_CHR,0.9858211955838126
num_dentists,num_primary_care_physicians,0.9856778083637676
num_deaths_2,num_housing_units,0.9856393188556501
num_workers_who_drive_alone,num_dentists,0.9856381373101503
num_deaths,num_housing_units,0.9856040758641459
population,num_unemployed_CHR,0.9855482876541907
num_single_parent_households_CDC,num_households_CHR,0.9852893132244572
mean_temp_3d_avg,mean_temp,0.9850202307014522
num_households_with_severe_cost_burden,num_unemployed_CDC,0.9849990214450594
population_2,num_age_65_and_older,0.9848677292659195
num_households_CHR,num_unemployed_CHR,0.9846425134881945
labor_force,num_unemployed_CHR,0.9841899933142072
num_age_17_and_younger,num_single_parent_households_CHR,0.9841898655141788
num_unemployed_CDC,population,0.9840767719569768
num_households_CHR,num_single_parent_households_CHR,0.9838609374236977
num_single_parent_households_CHR,num_disabled,0.9837909113577219
labor_force,num_dentists,0.9835525640237809
num_injury_deaths,num_deaths_2,0.9832925337558855
num_below_poverty,num_unemployed_CDC,0.9832044738311737
num_deaths,num_injury_deaths,0.983179307341704
num_dentists,total_population,0.9830787572494702
mean_temp_5d_avg,mean_temp_10d_avg,0.9830225169396649
num_housing_units,num_food_insecure,0.9830157094333963
num_single_parent_households_CDC,num_unemployed_CHR,0.9829903272797001
population_2,num_unemployed_CDC,0.9829170906018987
num_workers_who_drive_alone,num_unemployed_CHR,0.9828372309387886
dewpoint_3d_avg,dewpoint,0.9827949432266152
num_age_17_and_younger,num_some_college,0.9827418233836724
num_deaths,num_single_parent_households_CDC,0.9826949884230927
num_single_parent_households_CDC,num_deaths_2,0.9826505229497976
num_disabled,num_workers_who_drive_alone,0.9825509150099636
num_disabled,labor_force,0.9825271345150797
num_disabled,num_unemployed_CDC,0.982391424121585
num_disabled,num_age_17_and_younger,0.9823607452205647
num_age_65_and_older,num_workers_who_drive_alone,0.9823210721706173
num_age_65_and_older,labor_force,0.9822782258053114
population,num_dentists,0.9822331605320197
num_chlamydia_cases,num_below_poverty,0.9822117679743039
num_single_parent_households_CHR,num_unemployed_CHR,0.9821262155385677
min_temp_5d_avg,min_temp_10d_avg,0.982053943231787
num_single_parent_households_CDC,num_unemployed_CDC,0.9820015032716648
num_unemployed_CHR,num_households_CDC,0.9819351542725144
num_dentists,num_households_CDC,0.9819159393874867
num_disabled,population,0.9818799212848508
num_deaths_2,num_households_CDC,0.9818437567939468
num_workers_who_drive_alone,num_single_parent_households_CDC,0.981841620727415
num_some_college,num_households_CHR,0.9818086270249762
num_households_CDC,num_deaths,0.9818085525523157
num_food_insecure,num_households_CDC,0.9817685879517983
num_hiv_cases,num_multi_unit_housing,0.9816951278929751
num_unemployed_CDC,num_households_CDC,0.9814582804174476
num_primary_care_physicians,num_some_college,0.981435261208196
total_population,num_single_parent_households_CHR,0.981408720136274
num_single_parent_households_CHR,population_2,0.9813194100984286
num_households_with_severe_cost_burden,population,0.9813081203232754
num_single_parent_households_CHR,population,0.981292683380177
labor_force,num_single_parent_households_CDC,0.9812179380228595
num_households_CHR,num_disabled,0.9811295214045593
dewpoint_10d_avg,dewpoint_5d_avg,0.9809655055654827
num_disabled,num_food_insecure,0.9807883613035974
num_dentists,population_2,0.9807843176558259
num_housing_units,num_unemployed_CDC,0.9807181614001191
num_deaths,num_single_parent_households_CHR,0.9805995287167191
num_chlamydia_cases,num_single_parent_households_CDC,0.9805973929033943
num_below_poverty,num_households_with_severe_cost_burden,0.980569993251422
num_single_parent_households_CHR,num_deaths_2,0.9805025658153862
num_disabled,num_unemployed_CHR,0.9804028617798077
num_single_parent_households_CHR,num_unemployed_CDC,0.9802959910805665
max_temp,max_temp_3d_avg,0.9802614678445323
num_single_parent_households_CHR,num_housing_units,0.9802426767430332
num_food_insecure,population,0.9801108187952484
num_housing_units,num_unemployed_CHR,0.9800231102552984
num_below_poverty,num_food_insecure,0.9794945838611143
max_temp_10d_avg,max_temp_5d_avg,0.9791707209827005
total_population,num_households_with_severe_cost_burden,0.979160559156353
num_below_poverty,num_no_highschool_diploma,0.979160087001498
num_households_CDC,num_single_parent_households_CHR,0.9791436830191523
num_primary_care_physicians,num_workers_who_drive_alone,0.9787679981001174
num_food_insecure,num_chlamydia_cases,0.9786920967251185
num_primary_care_physicians,num_households_CDC,0.9785572187518873
num_no_highschool_diploma,num_limited_english_abilities,0.9784323686559958
num_single_parent_households_CHR,num_chlamydia_cases,0.9784225892801585
num_below_poverty,num_unemployed_CHR,0.978409972219527
num_unemployed_CDC,num_workers_who_drive_alone,0.9783867726181953
num_food_insecure,num_deaths,0.9783293324295412
num_deaths_2,num_food_insecure,0.9783250129363777
population_2,num_food_insecure,0.9782981571228513
num_unemployed_CDC,num_age_17_and_younger,0.9782363441507679
percent_not_proficient_in_english,percent_limited_english_abilities,0.9781955238926074
num_no_highschool_diploma,num_not_proficient_in_english,0.9779904078201469
num_unemployed_CDC,labor_force,0.9777408151653308
total_population,num_food_insecure,0.9776655346980763
population,num_below_poverty,0.9774594412151537
population_2,num_deaths_2,0.9774165587241642
population_2,num_deaths,0.9773948045732673
labor_force,num_primary_care_physicians,0.9773536742793474
num_minorities,num_below_poverty,0.9769437415634452
total_population,num_deaths_2,0.9768811455799088
num_deaths,total_population,0.9768665237511873
num_households_with_severe_cost_burden,num_minorities,0.9768591192099167
num_households_CHR,num_food_insecure,0.9766851472115875
num_overcrowding,num_limited_english_abilities,0.9765618676926104
num_housing_units,num_dentists,0.9765362835845741
num_food_insecure,num_age_17_and_younger,0.9764264991528728
num_disabled,num_below_poverty,0.9762861117649914
min_temp_3d_avg,min_temp,0.9758799212944972
num_households_CDC,num_households_with_severe_cost_burden,0.9757793367064873
num_unemployed_CDC,num_chlamydia_cases,0.975774844460536
num_households_CHR,num_unemployed_CDC,0.9752794565902068
num_no_highschool_diploma,num_households_with_severe_cost_burden,0.975032123127368
num_single_parent_households_CDC,num_some_college,0.9748368962227558
num_unemployed_CDC,num_minorities,0.9748182220644421
num_primary_care_physicians,num_housing_units,0.9747351401546231
num_households_with_severe_cost_burden,num_some_college,0.9746329135784145
population,num_age_65_and_older,0.974609083339154
num_single_parent_households_CHR,num_workers_who_drive_alone,0.9745698355982693
num_single_parent_households_CHR,labor_force,0.9745426382307725
total_population,num_below_poverty,0.974425816706665
num_deaths_2,num_age_17_and_younger,0.97438679861509
num_single_parent_households_CHR,num_deaths_4,0.9743852976080987
population_2,num_households_with_severe_cost_burden,0.9743728544973603
num_deaths,num_age_17_and_younger,0.9743541592653481
num_age_65_and_older,num_deaths_2,0.9742689855960409
num_injury_deaths,num_homeowners,0.9742481106107246
num_deaths,num_age_65_and_older,0.974122730551091
num_households_CHR,num_deaths_2,0.9740240484168933
num_households_CHR,num_deaths,0.973984515014461
num_single_parent_households_CHR,num_deaths_3,0.9739795993094276
num_deaths_3,num_deaths_2,0.9738951585985914
num_food_insecure,num_workers_who_drive_alone,0.9736501803318238
num_no_highschool_diploma,num_overcrowding,0.973587832150748
num_chlamydia_cases,population,0.9735848007902146
num_minorities,population,0.973545886800013
num_homeowners,num_deaths_2,0.9735377916155065
num_households_with_severe_cost_burden,num_housing_units,0.9735204901359772
num_some_college,num_unemployed_CDC,0.9735004834942111
num_housing_units,num_homeowners,0.9734179430060709
num_homeowners,num_deaths,0.9733175011605284
total_population,num_primary_care_physicians,0.9733090325522022
num_food_insecure,labor_force,0.9732867256488221
num_disabled,num_some_college,0.9732362870280754
num_households_with_severe_cost_burden,num_workers_who_drive_alone,0.9731976905355822
num_not_proficient_in_english,num_minorities,0.9730992241554212
num_households_with_severe_cost_burden,num_chlamydia_cases,0.9729946739688682
num_households_with_severe_cost_burden,num_unemployed_CHR,0.9728733168501966
labor_force,num_homeowners,0.9728288018574134
num_age_65_and_older,num_unemployed_CDC,0.9727556270387028
num_some_college,num_unemployed_CHR,0.9724950430807752
num_limited_english_abilities,num_minorities,0.9724795487237701
num_food_insecure,num_unemployed_CHR,0.9724291528145088
percent_age_65_and_older,percent_65_and_over,0.9723772014684754
num_age_65_and_older,num_age_17_and_younger,0.9723654578765493
num_households_CDC,num_homeowners,0.9723130099216734
population_2,num_primary_care_physicians,0.9722680909076795
num_overcrowding,num_not_proficient_in_english,0.9721986504797343
num_deaths_2,labor_force,0.9721241876137857
labor_force,num_deaths,0.9720923776250281
max_temp_15d_avg,mean_temp_15d_avg,0.9720815937571728
num_below_poverty,population_2,0.9718005833112955
num_deaths_2,num_workers_who_drive_alone,0.9716731941124636
num_deaths,num_workers_who_drive_alone,0.971642508831824
num_homeowners,num_workers_who_drive_alone,0.971562005540359
population_2,num_homeowners,0.971550064430325
num_age_65_and_older,num_some_college,0.971508104215804
num_age_17_and_younger,num_dentists,0.9714177698425076
annual_average_violent_crimes,num_chlamydia_cases,0.9712168045961225
num_deaths_2,num_deaths_4,0.9710521877053925
num_households_with_severe_cost_burden,labor_force,0.9709304719185445
num_unemployed_CHR,num_no_highschool_diploma,0.9708921542549666
num_food_insecure,num_some_college,0.9707630242399685
num_households_CDC,num_associations,0.9706707210882489
max_temp_10d_avg,mean_temp_10d_avg,0.9706334973330457
num_below_poverty,num_housing_units,0.9706248639935928
num_households_with_severe_cost_burden,num_single_parent_households_CDC,0.9704726966937302
num_households_CHR,num_age_65_and_older,0.9703515841432929
percent_frequent_mental_distress,average_number_of_mentally_unhealthy_days,0.9703421423062542
num_households_CDC,num_below_poverty,0.9703225099429589
num_age_65_and_older,num_dentists,0.970282214260514
num_injury_deaths,num_deaths_5,0.9702637371492553
num_households_CDC,num_chlamydia_cases,0.9702259224279127
num_unemployed_CDC,num_no_highschool_diploma,0.970205559293797
population,num_primary_care_physicians,0.9702043964558392
num_homeowners,num_households_CHR,0.9700641952457822
num_age_65_and_older,num_unemployed_CHR,0.9700616471037897
num_chlamydia_cases,num_housing_units,0.9698794219943547
num_alcohol_impaired_driving_deaths,num_driving_deaths,0.969873703578676
num_unemployed_CDC,num_deaths,0.9698670246804406
num_unemployed_CDC,num_deaths_2,0.9697160935005257
num_age_17_and_younger,num_below_poverty,0.9697126031262969
num_unemployed_CHR,num_minorities,0.9694720126544735
num_associations,num_primary_care_physicians,0.9694110536904127
num_non_hispanic_white,num_homeowners,0.9693524763128831
num_unemployed_CHR,num_deaths,0.9693387793367657
num_households_with_severe_cost_burden,num_age_65_and_older,0.9693361968591544
num_deaths_2,num_unemployed_CHR,0.969297632964385
num_food_insecure,num_unemployed_CDC,0.9692668643786246
num_dentists,num_households_with_severe_cost_burden,0.9692079467278558
num_food_insecure,num_deaths_4,0.969169161665899
num_homeowners,num_age_17_and_younger,0.9691681177655594
num_households_CHR,num_dentists,0.9691668032260266
annual_average_violent_crimes,num_single_parent_households_CHR,0.968967544880327
num_single_parent_households_CDC,num_deaths_4,0.9686835669782389
num_associations,num_housing_units,0.9685116016568023
num_age_65_and_older,num_homeowners,0.9684143045106678
num_age_65_and_older,num_primary_care_physicians,0.9681927369099674
total_population,num_homeowners,0.9681819664569096
mean_temp_15d_avg,min_temp_15d_avg,0.968159796531816
num_deaths_3,num_single_parent_households_CDC,0.9681348455762654
num_food_insecure,num_deaths_3,0.9681193443691231
population,num_deaths,0.9679786725462536
num_deaths_2,population,0.9679036566958928
num_households_CHR,num_below_poverty,0.9676846980787858
num_disabled,num_households_with_severe_cost_burden,0.967672359804071
total_population,num_minorities,0.9675393579426171
max_temp_5d_avg,mean_temp_5d_avg,0.9673899454993972
num_chlamydia_cases,num_disabled,0.9673889985906553
num_single_parent_households_CDC,num_age_65_and_older,0.9671795481358384
num_deaths_5,num_homeowners,0.9670693616891693
num_chlamydia_cases,num_some_college,0.96695100580919
mean_temp,mean_temp_5d_avg,0.9668961382720407
annual_average_violent_crimes,num_below_poverty,0.9666052512184578
num_chlamydia_cases,total_population,0.9665758645578824
num_unemployed_CDC,num_dentists,0.9663924150754726
percent_disabled,percentile_rank_disabled,0.9663808520281617
min_temp_10d_avg,mean_temp_10d_avg,0.9663748800826855
num_minorities,num_single_parent_households_CHR,0.9662968745726906
mean_temp_3d_avg,mean_temp_10d_avg,0.9661540851060286
num_food_insecure,annual_average_violent_crimes,0.9661066940538096
num_homeowners,num_disabled,0.9657657930512354
num_disabled,num_injury_deaths,0.9657250507240462
num_associations,num_workers_who_drive_alone,0.9651830835943463
num_some_college,num_single_parent_households_CHR,0.9651828558946702
annual_average_violent_crimes,num_single_parent_households_CDC,0.9650695331579885
max_temp_15d_avg,mean_temp_10d_avg,0.9647286568964053
average_number_of_physically_unhealthy_days,percent_frequent_mental_distress,0.9645083904382067
population_2,num_minorities,0.964444445989832
num_workers_who_drive_alone,num_below_poverty,0.9639867186757567
num_minorities,num_age_17_and_younger,0.9639389815671574
min_temp_3d_avg,min_temp_10d_avg,0.9639124107360367
mean_temp_3d_avg,max_temp_3d_avg,0.9637897575132408
num_associations,labor_force,0.9637393887529814
num_not_proficient_in_english,num_hispanic,0.9636887594699003
labor_force,num_below_poverty,0.9634615823513327
population,num_no_highschool_diploma,0.9634468747831161
num_single_parent_households_CHR,num_households_with_severe_cost_burden,0.9632441440476068
num_dentists,num_disabled,0.9631696934702618
mean_temp_5d_avg,mean_temp_15d_avg,0.9631681019832852
population_2,num_chlamydia_cases,0.9631537466512043
num_hispanic,num_limited_english_abilities,0.9630846308694272
num_hispanic,num_no_highschool_diploma,0.9630227833102102
num_dentists,num_unemployed_CHR,0.9627969934482982
num_motor_vehicle_deaths,num_alcohol_impaired_driving_deaths,0.9627493531884076
num_households_with_severe_cost_burden,num_age_17_and_younger,0.9624687299377253
mean_temp_5d_avg,min_temp_5d_avg,0.9624210566500873
num_injury_deaths,num_deaths_3,0.9622721246660213
num_chlamydia_cases,num_unemployed_CHR,0.9621718628269665
num_minorities,num_single_parent_households_CDC,0.962092283203415
num_homeowners,num_associations,0.9619695269578179
num_associations,num_some_college,0.9619223889506229
dewpoint_10d_avg,dewpoint_3d_avg,0.9617454078959842
years_of_potential_life_lost_rate,age_adjusted_death_rate,0.961673127605336
num_households_CHR,num_minorities,0.9615518151788045
num_households_CHR,num_deaths_3,0.9614335335641078
dewpoint,dewpoint_5d_avg,0.9613064695556285
num_below_poverty,num_some_college,0.9610972633970458
max_temp_5d_avg,mean_temp_3d_avg,0.9610287166481376
num_injury_deaths,num_housing_units,0.9608595673798941
min_temp_15d_avg,min_temp_5d_avg,0.960855740017755
num_minorities,num_hispanic,0.9607146940502428
percent_frequent_physical_distress,percent_frequent_mental_distress,0.960468060259174
num_workers_who_drive_alone,num_chlamydia_cases,0.9604365214315987
num_no_highschool_diploma,num_single_parent_households_CHR,0.9603657228569669
num_below_poverty,num_deaths,0.9600059790284231
num_workers_who_drive_alone,num_minorities,0.9599799296603474
num_primary_care_physicians,num_homeowners,0.959967324256115
max_temp_10d_avg,mean_temp_15d_avg,0.9599546522696131
num_below_poverty,num_deaths_2,0.9599052569177574
total_population,num_associations,0.9597887739599197
num_food_insecure,num_households_with_severe_cost_burden,0.9597163240507263
num_no_highschool_diploma,total_population,0.9596543295238239
num_age_17_and_younger,num_primary_care_physicians,0.9596139161493505
max_temp,max_temp_5d_avg,0.9596039761253484
mean_temp_15d_avg,min_temp_10d_avg,0.9595213731945155
num_associations,population_2,0.9593590969980252
num_age_17_and_younger,num_deaths_3,0.9592432440552152
num_minorities,labor_force,0.9590052625955894
num_households_with_severe_cost_burden,num_households_CHR,0.9588013887999391
num_minorities,num_overcrowding,0.9585117132213569
num_some_college,num_deaths,0.9584689179521491
num_some_college,num_deaths_2,0.958432123112888
max_temp_10d_avg,max_temp_3d_avg,0.9583433174666081
mean_temp_10d_avg,min_temp_15d_avg,0.9582761674430113
num_deaths_2,num_associations,0.9581793954211768
num_primary_care_physicians,num_households_CHR,0.9581683297140406
min_temp_3d_avg,mean_temp_3d_avg,0.9580474792502129
dewpoint_15d_avg,dewpoint_5d_avg,0.9580274644727792
num_age_65_and_older,num_single_parent_households_CHR,0.9580213718684013
labor_force,num_chlamydia_cases,0.9578631839028743
num_deaths,num_associations,0.9578357622012763
num_minorities,num_chlamydia_cases,0.9577838384743227
num_age_17_and_younger,num_chlamydia_cases,0.9577312260653227
num_disabled,num_associations,0.9576787770346167
num_single_parent_households_CDC,num_dentists,0.9576103178996921
num_chlamydia_cases,num_deaths,0.9573966014196658
num_primary_care_physicians,num_disabled,0.9573646454816259
num_chlamydia_cases,num_deaths_2,0.957228739750847
num_some_college,num_minorities,0.9571982245302566
max_temp_5d_avg,max_temp_15d_avg,0.9569854790384967
num_food_insecure,num_age_65_and_older,0.9568327067753937
num_dentists,num_mental_health_providers,0.9567942332471087
mean_temp_5d_avg,max_temp_3d_avg,0.9565820775631318
num_no_highschool_diploma,num_single_parent_households_CDC,0.9562019359068443
num_deaths_4,num_households_CHR,0.9559442056656446
num_dentists,num_associations,0.9558935243288436
min_temp,min_temp_5d_avg,0.9558396884464659
num_no_highschool_diploma,population_2,0.9555505795466059
num_households_CHR,num_chlamydia_cases,0.9555048619610987
num_age_17_and_younger,num_no_highschool_diploma,0.9555028311257483
num_homeowners,num_some_college,0.9553750393119945
num_deaths_5,num_deaths_2,0.9550392324449573
num_deaths_5,num_deaths,0.9550263943565784
num_households_CDC,num_injury_deaths,0.9548176499674841
population,num_associations,0.9545114452342564
num_uninsured_3,num_uninsured,0.9543318327699469
num_age_17_and_younger,num_deaths_4,0.9542905133316179
max_temp_10d_avg,mean_temp_5d_avg,0.9542738054139447
num_deaths_4,num_injury_deaths,0.9542472173779837
num_deaths_3,num_disabled,0.9542129312804671
num_below_poverty,num_age_65_and_older,0.9541787317334681
percent_age_17_and_younger,percent_less_than_18_years_of_age,0.9541736198318986
min_temp_5d_avg,mean_temp_3d_avg,0.9541579178636087
population,num_homeowners,0.953982347371596
num_age_65_and_older,num_associations,0.9539803126450301
num_unemployed_CDC,annual_average_violent_crimes,0.9538603660500471
num_deaths_3,num_housing_units,0.9529692457507938
num_minorities,num_households_CDC,0.9527884710713148
mean_temp_5d_avg,min_temp_3d_avg,0.9527059576483903
num_no_highschool_diploma,num_households_CHR,0.952235930427781
num_deaths_4,num_disabled,0.9519853989922026
percentile_rank_no_highschool_diploma,percent_no_highschool_diploma,0.9515979141180152
percent_mobile_homes,percentile_rank_mobile_homes,0.9511854509137042
mean_temp_5d_avg,min_temp_10d_avg,0.9507441310020645
num_housing_units,num_deaths_4,0.9504009885447929
num_motor_vehicle_deaths,num_deaths_5,0.9503429165254549
max_temp_3d_avg,mean_temp,0.9501329565533378
num_primary_care_physicians,num_unemployed_CDC,0.9500964201608102
num_injury_deaths,num_age_65_and_older,0.9500948963714441
num_associations,num_single_parent_households_CDC,0.9499565957095952
num_dentists,num_minorities,0.9496527295246273
num_food_insecure,num_minorities,0.9496466827751119
num_injury_deaths,num_single_parent_households_CDC,0.9496202069109616
num_dentists,num_food_insecure,0.9496122271357513
num_food_insecure,num_injury_deaths,0.9494861746842512
num_primary_care_physicians,num_households_with_severe_cost_burden,0.949355564298935
num_deaths_3,num_households_CDC,0.9493368196001328
num_age_17_and_younger,num_associations,0.9493239575592309
population_2,num_deaths_3,0.9492072318107517
num_mental_health_providers,num_primary_care_physicians,0.9491468927764332
max_temp_5d_avg,mean_temp_10d_avg,0.9490726204082774
num_single_parent_households_CDC,num_homeowners,0.9489340133788977
num_minorities,num_housing_units,0.9488822095202227
mean_temp,max_temp,0.9488174145286797
num_workers_who_drive_alone,num_no_highschool_diploma,0.9487764990086485
num_chlamydia_cases,num_deaths_4,0.9487046017523643
labor_force,num_no_highschool_diploma,0.9486171638347449
num_no_highschool_diploma,num_chlamydia_cases,0.9486027238742735
num_households_CHR,num_associations,0.9485874451887861
num_deaths_3,num_firearm_fatalities,0.9484838640303551
population_2,num_injury_deaths,0.9483992911147855
num_non_hispanic_white,num_injury_deaths,0.9481752960658928
num_deaths,annual_average_violent_crimes,0.9480784904209045
num_chlamydia_cases,num_dentists,0.9479448338268718
num_non_hispanic_white,num_deaths_5,0.9479176069781978
percent_age_65_and_older,percentile_rank_age_65_and_older,0.9477580125499988
annual_average_violent_crimes,num_deaths_2,0.9477134716406926
num_dentists,num_homeowners,0.9476253096657191
annual_average_violent_crimes,num_deaths_4,0.947625244115675
num_disabled,annual_average_violent_crimes,0.9475625276413406
num_deaths_3,num_homeowners,0.9474255214158355
num_single_parent_households_CDC,num_primary_care_physicians,0.9473636585608418
num_single_parent_households_CHR,num_dentists,0.9473578244120526
min_temp_5d_avg,mean_temp_10d_avg,0.9471821997599387
num_unemployed_CHR,num_homeowners,0.9471061963578762
percent_below_poverty,percentile_rank_below_poverty,0.9470534205144547
num_households_CDC,num_deaths_4,0.9470126057700416
num_households_with_severe_cost_burden,num_limited_english_abilities,0.9470064182880088
num_disabled,num_deaths_5,0.946984610596211
num_minorities,num_disabled,0.9469668878551546
num_not_proficient_in_english,num_households_with_severe_cost_burden,0.9469073136073997
num_injury_deaths,num_single_parent_households_CHR,0.946849889239506
num_mental_health_providers,num_some_college,0.946753131238417
num_deaths_2,num_motor_vehicle_deaths,0.946712040592012
annual_average_violent_crimes,population,0.9466710347547787
num_deaths,num_motor_vehicle_deaths,0.9466524520459042
num_primary_care_physicians,num_unemployed_CHR,0.9465056988056763
num_motor_vehicle_deaths,num_households_CHR,0.9461958549565748
num_injury_deaths,num_firearm_fatalities,0.9461714996377589
num_households_CHR,num_deaths_5,0.9461023272308836
num_deaths_2,num_primary_care_physicians,0.9460272896559407
num_deaths_3,total_population,0.9459478109319898
num_deaths,num_primary_care_physicians,0.9459277940946876
num_deaths_5,population_2,0.9458606784186362
num_injury_deaths,num_households_CHR,0.945860518685932
num_deaths,num_dentists,0.9457213295451382
num_deaths_2,num_dentists,0.945642000451261
num_injury_deaths,labor_force,0.945504173176611
num_below_poverty,num_dentists,0.944950114976176
total_population,num_injury_deaths,0.9448303046136679
num_disabled,num_no_highschool_diploma,0.944715581251155
num_housing_units,num_deaths_5,0.9446390606594868
num_deaths_4,population_2,0.9446135646227605
mean_temp,min_temp,0.9445580738656016
num_age_17_and_younger,num_injury_deaths,0.944554631039707
num_deaths_5,labor_force,0.9444634761085571
num_housing_units,annual_average_violent_crimes,0.9442460760295414
num_associations,num_injury_deaths,0.9442335557156465
num_age_65_and_older,num_chlamydia_cases,0.94415339920591
num_no_highschool_diploma,num_households_CDC,0.9441171656901387
num_food_insecure,num_associations,0.9440733577296031
mean_temp_3d_avg,mean_temp_15d_avg,0.9439374359029907
population,num_deaths_3,0.9438628082170576
num_motor_vehicle_deaths,num_age_17_and_younger,0.9437388537391668
num_overcrowding,num_households_with_severe_cost_burden,0.9436921880254381
num_deaths_5,num_age_17_and_younger,0.943615714224212
num_injury_deaths,num_workers_who_drive_alone,0.9435697138556528
annual_average_violent_crimes,num_unemployed_CHR,0.9435432876891073
num_deaths_3,annual_average_violent_crimes,0.9433710595323306
eightieth_percentile_income,median_household_income,0.9433386482124763
num_drug_overdose_deaths,num_injury_deaths,0.9433109601123041
labor_force,num_deaths_3,0.9431768589547138
num_single_parent_households_CHR,num_uninsured_2,0.942960387990606
num_deaths_3,num_workers_who_drive_alone,0.9429348050347108
num_non_hispanic_white,num_associations,0.9428801472980721
mean_temp_3d_avg,max_temp,0.9428182593730235
num_deaths,num_households_with_severe_cost_burden,0.9426655752158732
num_deaths_4,total_population,0.9425509083415985
num_deaths_2,num_households_with_severe_cost_burden,0.9424049489039664
min_temp_3d_avg,mean_temp,0.9422945990356751
population,num_deaths_4,0.9422629234574692
num_households_with_severe_cost_burden,annual_average_violent_crimes,0.9418919055908843
annual_average_violent_crimes,num_households_CDC,0.9418080981018172
num_food_insecure,num_no_highschool_diploma,0.9417743676345036
num_homeowners,num_food_insecure,0.9417356853738192
num_deaths_5,num_households_CDC,0.9415426614474866
num_homeowners,num_single_parent_households_CHR,0.9414930551290986
num_minorities,annual_average_violent_crimes,0.9414842739065133
num_food_insecure,num_primary_care_physicians,0.9414374722766546
percent_single_parent_households_CDC,percentile_rank_single_parent_households,0.9412282815997322
num_no_highschool_diploma,num_some_college,0.9411794167338173
num_chlamydia_cases,num_deaths_3,0.9411720927086349
num_mental_health_providers,num_households_with_severe_cost_burden,0.9411100362941809
num_workers_who_drive_alone,num_deaths_5,0.9409027167087897
num_uninsured_3,num_uninsured_2,0.9408932068289558
num_deaths_4,num_below_poverty,0.9408622301412175
num_injury_deaths,num_motor_vehicle_deaths,0.9407293920977519
min_temp_15d_avg,min_temp_3d_avg,0.9404072686334002
num_housing_units,num_no_highschool_diploma,0.9401085924141158
num_motor_vehicle_deaths,num_deaths_3,0.9397462784754801
num_motor_vehicle_deaths,num_single_parent_households_CHR,0.9394785247353017
num_unemployed_CHR,num_associations,0.9392564233240346
num_deaths_5,num_age_65_and_older,0.9392401014110772
num_deaths_3,num_unemployed_CHR,0.9390052561997224
total_population,num_deaths_5,0.9389921949501823
num_uninsured_2,num_households_CHR,0.9387905191228726
num_deaths_4,num_workers_who_drive_alone,0.93873529854412
num_mental_health_providers,population,0.9385373896600876
total_population,annual_average_violent_crimes,0.938359819986394
max_temp_15d_avg,mean_temp_5d_avg,0.9382550150838054
num_deaths_4,labor_force,0.9380538644923644
mean_temp_3d_avg,max_temp_10d_avg,0.9379381627296379
num_below_poverty,num_deaths_3,0.937535999979107
num_workers_who_drive_alone,num_mental_health_providers,0.9375352663458422
mean_temp,mean_temp_10d_avg,0.9374055496736774
num_minorities,num_age_65_and_older,0.9373030119098023
max_temp_5d_avg,mean_temp,0.937171964326837
num_below_poverty,num_not_proficient_in_english,0.9371137286049118
num_hispanic,num_overcrowding,0.9369595149387191
num_deaths_4,num_homeowners,0.9369222314524185
num_homeowners,num_unemployed_CDC,0.9368419703359867
dewpoint_3d_avg,dewpoint_15d_avg,0.93659670423247
num_deaths_5,num_driving_deaths,0.9365766392146777
num_unemployed_CHR,num_deaths_4,0.936445454033081
num_associations,num_single_parent_households_CHR,0.9364413660837774
num_homeowners,num_motor_vehicle_deaths,0.936215027313754
num_dentists,num_no_highschool_diploma,0.9361818362669152
num_housing_units,num_non_hispanic_white,0.9361122126625646
num_uninsured,num_single_parent_households_CHR,0.9360687591827466
population_2,annual_average_violent_crimes,0.9360312898573349
num_households_CDC,num_mental_health_providers,0.9359248914981909
labor_force,num_mental_health_providers,0.9359218290769172
num_firearm_fatalities,num_deaths_4,0.9358096230634638
num_mental_health_providers,total_population,0.9356771561557772
population_2,num_motor_vehicle_deaths,0.9355499581636281
num_associations,num_unemployed_CDC,0.935387654163341
num_limited_english_abilities,num_below_poverty,0.9353030974674055
num_uninsured_2,num_age_17_and_younger,0.9352341225689139
num_primary_care_physicians,num_chlamydia_cases,0.9352143520204075
num_deaths_4,num_unemployed_CDC,0.9349901227624048
num_disabled,num_motor_vehicle_deaths,0.9349633311024668
num_non_hispanic_white,num_households_CDC,0.9349545953181384
min_temp_10d_avg,mean_temp_3d_avg,0.9345670051983501
max_temp_3d_avg,max_temp_15d_avg,0.9339721644588811
num_unemployed_CDC,num_deaths_3,0.9339490603916905
num_households_with_severe_cost_burden,num_multi_unit_housing,0.9339134817882968
num_no_highschool_diploma,num_age_65_and_older,0.9338271230878235
min_temp,mean_temp_3d_avg,0.9336842901948548
num_single_parent_households_CHR,num_primary_care_physicians,0.9335242323642122
average_number_of_mentally_unhealthy_days,average_number_of_physically_unhealthy_days,0.9335053257844614
num_uninsured_2,num_motor_vehicle_deaths,0.9333099717948701
num_age_17_and_younger,annual_average_violent_crimes,0.9331974241671017
num_uninsured,num_households_CHR,0.9331398206643573
num_unemployed_CHR,num_injury_deaths,0.9326509363318862
num_chlamydia_cases,num_associations,0.9326018826153956
num_some_college,annual_average_violent_crimes,0.9325128616809069
num_uninsured_2,num_deaths_3,0.9324302290335138
population,num_injury_deaths,0.9324114088444955
num_age_65_and_older,num_non_hispanic_white,0.9322444284860739
num_households_CHR,annual_average_violent_crimes,0.9321283358480231
annual_average_violent_crimes,num_no_highschool_diploma,0.932064075061629
num_food_insecure,num_uninsured_2,0.9315036171681371
num_uninsured_2,num_single_parent_households_CDC,0.9314860612043026
num_deaths_2,num_non_hispanic_white,0.9312726177572237
num_mental_health_providers,num_unemployed_CDC,0.931272412662604
percentile_rank_age_17_and_younger,percent_age_17_and_younger,0.9311801389482212
population_2,num_mental_health_providers,0.9311153747484725
num_uninsured,num_motor_vehicle_deaths,0.9310265897549668
mean_temp_5d_avg,min_temp_15d_avg,0.9310174547840185
num_some_college,num_deaths_3,0.930864705481068
num_motor_vehicle_deaths,num_unemployed_CHR,0.9307873284306099
num_non_hispanic_white,num_deaths,0.9307311569247572
num_uninsured,num_deaths_3,0.9306866261152115
mean_temp_15d_avg,min_temp_5d_avg,0.9304698945329498
num_workers_who_drive_alone,annual_average_violent_crimes,0.9304671204918054
num_deaths_3,num_deaths_5,0.9300028823777516
min_temp_5d_avg,mean_temp,0.9294209945762226
mean_temp_10d_avg,min_temp_3d_avg,0.9294093783758904
min_temp_15d_avg,dewpoint_15d_avg,0.9294083687650385
annual_average_violent_crimes,labor_force,0.9293863343196552
median_household_income,twentieth_percentile_income,0.9293522945028577
num_deaths_4,num_some_college,0.9292437507927447
num_motor_vehicle_deaths,total_population,0.9292163661799975
dewpoint_10d_avg,dewpoint,0.9291304416856216
num_motor_vehicle_deaths,labor_force,0.9289795856352757
num_age_17_and_younger,num_uninsured,0.9289749007916436
num_motor_vehicle_deaths,num_single_parent_households_CDC,0.9289601950190165
num_non_hispanic_white,num_primary_care_physicians,0.9285198394370983
num_firearm_fatalities,num_deaths_2,0.9284273647795828
num_deaths,num_firearm_fatalities,0.9284124613710102
mean_temp_10d_avg,max_temp_3d_avg,0.9283649161406916
min_temp_10d_avg,dewpoint_10d_avg,0.9282062665482931
labor_force,num_non_hispanic_white,0.9281963784705697
num_housing_units,num_mental_health_providers,0.9279701513620293
population,num_deaths_5,0.9276589642459723
num_non_hispanic_white,num_workers_who_drive_alone,0.9274356169710053
num_injury_deaths,num_some_college,0.9274166407766159
num_deaths_5,num_food_insecure,0.9273490324786171
num_deaths_5,num_single_parent_households_CDC,0.9268913571452162
mean_temp_15d_avg,max_temp_5d_avg,0.9268708108405179
min_temp_10d_avg,min_temp,0.9268593912512064
num_overcrowding,num_below_poverty,0.9266114694505763
num_unemployed_CHR,num_hispanic,0.9263888165129962
num_associations,num_deaths_3,0.9262844668388192
num_food_insecure,num_uninsured,0.9260662259599491
percent_65_and_over,percentile_rank_age_65_and_older,0.9259627573511102
num_mental_health_providers,num_age_65_and_older,0.9259046949669965
num_deaths_4,num_associations,0.9257390117726559
num_driving_deaths,num_injury_deaths,0.9256726587953017
num_injury_deaths,num_unemployed_CDC,0.9256161694759792
num_primary_care_physicians,num_injury_deaths,0.9254078560967298
mean_temp_5d_avg,max_temp,0.9253812659344887
num_driving_deaths,num_deaths_2,0.9251205446102103
dewpoint_5d_avg,min_temp_5d_avg,0.9250955330154756
num_households_with_severe_cost_burden,num_associations,0.9250887308579869
num_below_poverty,num_primary_care_physicians,0.9250881427868147
population_2,num_uninsured_2,0.9250531053996143
num_driving_deaths,num_deaths,0.9245611954249955
num_hispanic,num_below_poverty,0.9245141439609139
percent_unemployed_CDC,percentile_rank_unemployed,0.9244213129689482
num_deaths,num_minorities,0.9244135089668448
num_disabled,num_non_hispanic_white,0.9240976562304399
num_single_parent_households_CDC,num_uninsured,0.9240810821417611
percent_frequent_physical_distress,percent_fair_or_poor_health,0.9239554260239863
num_not_proficient_in_english,num_unemployed_CHR,0.9239362960511851
num_non_hispanic_white,population_2,0.9238631593016313
num_deaths_2,num_minorities,0.9238060082809039
num_uninsured_2,num_minorities,0.9236618641210405
num_motor_vehicle_deaths,num_workers_who_drive_alone,0.9236258308624979
num_deaths_5,num_unemployed_CHR,0.923584988066635
num_unemployed_CDC,num_not_proficient_in_english,0.9231649964327522
max_temp_10d_avg,max_temp,0.9231160904061123
num_unemployed_CDC,num_limited_english_abilities,0.9230755453371731
num_unemployed_CHR,num_limited_english_abilities,0.9230704682823462
population,num_uninsured_2,0.9230140674760063
num_mental_health_providers,num_disabled,0.9229322732746713
num_motor_vehicle_deaths,num_deaths_4,0.9228288680689252
num_single_parent_households_CHR,num_deaths_5,0.9227851459495813
num_motor_vehicle_deaths,num_food_insecure,0.9225074241322793
num_not_proficient_in_english,population,0.9223187879735499
num_housing_units,num_motor_vehicle_deaths,0.922075513749091
num_deaths_5,num_some_college,0.9219238677493997
num_uninsured_2,num_deaths_4,0.9216248336295598
num_mental_health_providers,num_unemployed_CHR,0.9215252709555823
num_limited_english_abilities,population,0.9206954521233347
min_temp_3d_avg,dewpoint_3d_avg,0.9204531459988764
dewpoint_15d_avg,min_temp_10d_avg,0.9203853826910547
percentile_rank_minorities,percent_minorities,0.9203110506621885
num_uninsured_2,labor_force,0.9199797973989947
max_temp_15d_avg,mean_temp_3d_avg,0.9197343477528267
num_uninsured_2,total_population,0.919719656194958
num_non_hispanic_white,total_population,0.9197015446352912
num_associations,num_mental_health_providers,0.9196094919287165
num_primary_care_physicians,num_minorities,0.9195688822542599
mean_temp_5d_avg,min_temp,0.9195138590429642
num_firearm_fatalities,num_motor_vehicle_deaths,0.9194090864408243
num_multi_unit_housing,num_households_with_no_vehicle,0.9194073138043313
num_households_CHR,num_driving_deaths,0.919291156095804
num_below_poverty,num_uninsured_2,0.9191793394743178
dewpoint_10d_avg,min_temp_15d_avg,0.9191518166470485
num_age_17_and_younger,num_hispanic,0.918809863228979
num_uninsured,num_deaths_4,0.9187806455194556
num_no_highschool_diploma,num_deaths,0.9187233598556426
num_uninsured_2,num_unemployed_CHR,0.9185681086362856
num_households_CDC,num_institutionalized_in_group_quarters,0.9185388982842925
num_deaths_2,num_no_highschool_diploma,0.9184977009071866
num_workers_who_drive_alone,num_uninsured_2,0.9183243276322317
num_uninsured_2,num_hispanic,0.9180181431555609
num_households_CDC,num_motor_vehicle_deaths,0.9180156004536104
num_motor_vehicle_deaths,population,0.9178638856985298
num_hispanic,num_households_CHR,0.9175010761744871
num_uninsured,population_2,0.9171772716257892
num_age_65_and_older,num_deaths_3,0.9170782981801444
num_driving_deaths,num_homeowners,0.917051318731222
num_associations,num_below_poverty,0.9168894822447476
num_driving_deaths,num_deaths_3,0.9166814951933284
num_hiv_cases,num_households_with_severe_cost_burden,0.9166580737924551
min_temp_3d_avg,dewpoint_5d_avg,0.9165193520637354
num_overcrowding,num_unemployed_CHR,0.9164714920423246
num_institutionalized_in_group_quarters,num_some_college,0.916398549431766
num_driving_deaths,num_age_17_and_younger,0.916339705080231
num_institutionalized_in_group_quarters,num_associations,0.9161995060824029
total_population,num_institutionalized_in_group_quarters,0.9160984578993391
num_institutionalized_in_group_quarters,num_housing_units,0.9160708008320019
num_non_hispanic_white,num_some_college,0.9159909021403779
num_chlamydia_cases,num_injury_deaths,0.9158334711620139
num_associations,num_deaths_5,0.915768993506339
num_overcrowding,num_unemployed_CDC,0.9157558550772229
num_overcrowding,num_asian,0.9157484185874301
num_households_CHR,num_non_hispanic_white,0.9157327183464752
num_institutionalized_in_group_quarters,num_disabled,0.9155271173771344
num_institutionalized_in_group_quarters,num_households_with_severe_cost_burden,0.9150722792612153
num_drug_overdose_deaths,num_deaths,0.9150096529927086
min_temp_5d_avg,dewpoint_3d_avg,0.9149258313547254
num_age_65_and_older,num_motor_vehicle_deaths,0.9148602594625375
num_institutionalized_in_group_quarters,num_mental_health_providers,0.9147916387283875
num_age_17_and_younger,num_non_hispanic_white,0.9146574566557961
mean_temp_15d_avg,mean_temp,0.9143302815719984
population,num_uninsured,0.9141063496607054
num_deaths_5,num_firearm_fatalities,0.9141025171635947
population,num_institutionalized_in_group_quarters,0.9139449853062332
num_dentists,num_institutionalized_in_group_quarters,0.9139366515494243
num_hispanic,num_unemployed_CDC,0.913894869364523
num_age_17_and_younger,num_mental_health_providers,0.9138877835528868
population,num_hispanic,0.9137762165589743
percent_severe_housing_cost_burden,severe_housing_cost_burden,0.9132981097759253
num_institutionalized_in_group_quarters,num_workers_who_drive_alone,0.913290643087652
num_chlamydia_cases,num_multi_unit_housing,0.9130687883475307
num_chlamydia_cases,num_mental_health_providers,0.9130687856472799
total_population,num_not_proficient_in_english,0.9130623483879129
num_injury_deaths,num_dentists,0.9130511918283324
population,num_overcrowding,0.9128386812321743
num_age_65_and_older,annual_average_violent_crimes,0.9127015419490329
num_injury_deaths,num_below_poverty,0.9124638862026091
num_driving_deaths,num_single_parent_households_CHR,0.9124427486894293
min_temp_15d_avg,mean_temp_3d_avg,0.9124208701006976
num_primary_care_physicians,num_deaths_5,0.9124034982073593
population_2,num_institutionalized_in_group_quarters,0.9122553621543076
labor_force,num_uninsured,0.9122407800486665
percentile_rank_socioeconomic_theme,percentile_rank_below_poverty,0.9121360122907108
num_uninsured_2,num_housing_units,0.9120984231064827
num_single_parent_households_CHR,num_hispanic,0.9118788878383678
num_deaths_4,num_deaths_5,0.9118323305657499
dewpoint_10d_avg,min_temp_5d_avg,0.9117231942183912
num_institutionalized_in_group_quarters,num_primary_care_physicians,0.9117197893594591
total_population,num_limited_english_abilities,0.9116153068881733
num_households_with_no_vehicle,num_hiv_cases,0.911480763545287
num_minorities,num_uninsured,0.9113152663429673
num_hispanic,total_population,0.9111869496689473
num_unemployed_CDC,num_motor_vehicle_deaths,0.9110677369518355
num_dentists,annual_average_violent_crimes,0.9110591820464782
num_institutionalized_in_group_quarters,num_unemployed_CDC,0.9110117136941016
num_hispanic,population_2,0.9110007299420713
num_uninsured,total_population,0.9109420500619123
num_hiv_cases,num_chlamydia_cases,0.9109194419876792
num_driving_deaths,num_uninsured_2,0.9108602388474206
num_deaths_4,num_age_65_and_older,0.910714783685781
mean_temp_15d_avg,min_temp_3d_avg,0.9105779970918719
num_age_65_and_older,num_institutionalized_in_group_quarters,0.9105179746837583
num_uninsured_2,num_no_highschool_diploma,0.9104967454463961
num_workers_who_drive_alone,num_uninsured,0.9102497394193442
mean_temp,max_temp_10d_avg,0.9101257293510104
num_driving_deaths,num_disabled,0.9100416723781163
num_households_CDC,num_uninsured_2,0.9099763891154382
annual_average_violent_crimes,num_injury_deaths,0.9099486817403808
num_hispanic,num_households_with_severe_cost_burden,0.9097897294549974
labor_force,num_institutionalized_in_group_quarters,0.9097395462345292
num_mental_health_providers,num_households_CHR,0.9097147712558538
num_driving_deaths,num_uninsured,0.9095248591694256
num_uninsured,num_unemployed_CHR,0.9094068717512418
min_temp_10d_avg,dewpoint_5d_avg,0.9093371105241418
num_uninsured_2,num_deaths_2,0.909012724604295
num_deaths,num_uninsured_2,0.9088637092600037
num_minorities,num_deaths_4,0.9087603232861365
num_deaths_5,num_alcohol_impaired_driving_deaths,0.9087494292960183
population_2,num_driving_deaths,0.9085214579478427
num_below_poverty,num_uninsured,0.9083994745656889
population_2,num_not_proficient_in_english,0.9082706218813703
num_institutionalized_in_group_quarters,num_chlamydia_cases,0.9079815317317221
num_motor_vehicle_deaths,num_below_poverty,0.9078357859244669
num_hispanic,num_uninsured,0.9076590428950273
num_firearm_fatalities,num_driving_deaths,0.9075411118496536
num_dentists,num_deaths_5,0.90747079279797
num_below_poverty,num_homeowners,0.9074410591886811
num_dentists,num_deaths_3,0.9072578424546466
num_deaths_3,num_primary_care_physicians,0.9071866604083477
min_temp_10d_avg,mean_temp,0.9068804672557889
num_dentists,num_asian,0.906652256887884
num_mental_health_providers,num_single_parent_households_CDC,0.9064999697716956
num_homeowners,num_households_with_severe_cost_burden,0.9064156645585618
num_limited_english_abilities,population_2,0.9063283263095292
num_chlamydia_cases,num_homeowners,0.9062316963681812
num_below_poverty,num_mental_health_providers,0.9058393094034793
num_single_parent_households_CHR,num_not_proficient_in_english,0.9056872797083562
num_deaths_3,num_minorities,0.9054091884281934
num_dentists,num_non_hispanic_white,0.9052169291622377
num_dentists,num_deaths_4,0.9050964539646713
num_uninsured_2,num_disabled,0.9050459253337807
num_not_proficient_in_english,num_age_17_and_younger,0.904914805060374
num_not_proficient_in_english,num_workers_who_drive_alone,0.9043737828346722
num_single_parent_households_CDC,num_institutionalized_in_group_quarters,0.9043306180211337
num_uninsured,num_housing_units,0.9039534091591327
max_temp_3d_avg,mean_temp_15d_avg,0.9038892592145524
num_below_poverty,num_multi_unit_housing,0.9038626882075622
num_primary_care_physicians,num_deaths_4,0.9037399902653356
num_not_proficient_in_english,labor_force,0.903722656776203
dewpoint,min_temp,0.9036958946645662
num_mental_health_providers,num_minorities,0.9036634785163797
total_population,num_overcrowding,0.9036283434926
num_non_hispanic_white,population,0.9035951076707762
dewpoint,dewpoint_15d_avg,0.903421468961673
labor_force,num_hispanic,0.9033853868720552
num_deaths_5,num_unemployed_CDC,0.9032708862028683
percentile_rank_social_vulnerability,percentile_rank_socioeconomic_theme,0.9031643683167188
min_temp_15d_avg,min_temp,0.9028832389417187
num_limited_english_abilities,num_age_17_and_younger,0.9027283418301358
num_workers_who_drive_alone,num_limited_english_abilities,0.9026510359341137
num_firearm_fatalities,num_homeowners,0.9024760232847203
num_deaths_2,num_uninsured,0.9024322552796168
num_uninsured,num_deaths,0.9022275878237151
num_driving_deaths,num_unemployed_CHR,0.9021687977117588
num_single_parent_households_CHR,num_limited_english_abilities,0.9020037291139504
labor_force,num_limited_english_abilities,0.9019236938127825
dewpoint,min_temp_3d_avg,0.901811862398794
num_driving_deaths,labor_force,0.9016658828462003
num_single_parent_households_CDC,num_not_proficient_in_english,0.9016042712635262
num_households_CDC,num_uninsured,0.901591502238595
num_not_proficient_in_english,num_households_CHR,0.9015221727808771
annual_average_violent_crimes,num_uninsured_2,0.9014819398100363
num_associations,annual_average_violent_crimes,0.9013807583281559
num_hispanic,num_workers_who_drive_alone,0.9011563391884763
total_population,num_driving_deaths,0.9009876911036037
num_not_proficient_in_english,num_some_college,0.9008202711092843
num_driving_deaths,num_single_parent_households_CDC,0.9006808173630517
num_institutionalized_in_group_quarters,num_below_poverty,0.9004626536472752
num_no_highschool_diploma,num_mental_health_providers,0.9003408397633917
num_institutionalized_in_group_quarters,num_unemployed_CHR,0.9001440700655617
num_some_college,num_uninsured_2,0.8999514069373723
num_firearm_fatalities,num_single_parent_households_CHR,0.8999011011522567
average_number_of_mentally_unhealthy_days,percent_frequent_physical_distress,0.8997246383317226
num_limited_english_abilities,num_some_college,0.8995812726290923
num_no_highschool_diploma,num_primary_care_physicians,0.899215617608141
num_minorities,num_asian,0.8990397525704187
num_households_CHR,num_limited_english_abilities,0.8989148841104918
num_single_parent_households_CDC,num_hispanic,0.8987198278991838
num_limited_english_abilities,num_dentists,0.8984044877940297
dewpoint_3d_avg,min_temp,0.898317928916921
num_uninsured_2,num_unemployed_CDC,0.8982044044131684
num_limited_english_abilities,num_single_parent_households_CDC,0.8980682935195606
max_temp_15d_avg,max_temp,0.8980611430448133
num_not_proficient_in_english,num_dentists,0.8980236626114086
num_households_with_severe_cost_burden,num_deaths_4,0.8978996219167137
num_uninsured,num_no_highschool_diploma,0.8977494573031953
num_institutionalized_in_group_quarters,num_deaths_2,0.8976018404322075
annual_average_violent_crimes,num_primary_care_physicians,0.8974355880455979
num_hiv_cases,num_below_poverty,0.8973433414152147
num_mental_health_providers,num_food_insecure,0.8972200063033979
population_2,num_overcrowding,0.8971752821464102
num_non_hispanic_white,num_drug_overdose_deaths,0.8971432648869796
max_wind_speed,wind_gust,0.8971107384246931
num_driving_deaths,num_deaths_4,0.896861903965949
num_deaths,num_institutionalized_in_group_quarters,0.8968153208993845
num_single_parent_households_CDC,num_non_hispanic_white,0.8965755412656028
num_institutionalized_in_group_quarters,num_food_insecure,0.8964831276324391
percentile_rank_per_capita_income,percentile_rank_socioeconomic_theme,0.8964784819053105
num_uninsured,num_disabled,0.8962933574276536
num_dentists,num_overcrowding,0.8959292694659116
num_asian,num_mental_health_providers,0.8959216597754927
num_institutionalized_in_group_quarters,num_age_17_and_younger,0.8958669539644407
num_driving_deaths,num_food_insecure,0.8953797838549885
num_housing_units,num_driving_deaths,0.8953455280795803
num_some_college,num_multi_unit_housing,0.8953340879624384
num_motor_vehicle_deaths,num_minorities,0.8951421974656542
num_motor_vehicle_deaths,num_hispanic,0.8950842037590498
num_not_proficient_in_english,num_chlamydia_cases,0.8950501511128354
num_driving_deaths,num_workers_who_drive_alone,0.895019210212212
num_deaths_3,num_alcohol_impaired_driving_deaths,0.8950057161291467
num_non_hispanic_white,num_food_insecure,0.8949510759324139
num_alcohol_impaired_driving_deaths,num_injury_deaths,0.8948982564935521
num_food_insecure,num_firearm_fatalities,0.894886645113666
min_temp_3d_avg,dewpoint_10d_avg,0.8948407129316672
percent_less_than_18_years_of_age,percentile_rank_age_17_and_younger,0.8947910845233323
num_households_with_severe_cost_burden,num_deaths_3,0.8944739724900201
num_some_college,num_asian,0.8944072216305493
num_some_college,num_motor_vehicle_deaths,0.8942159320643193
num_households_with_severe_cost_burden,num_asian,0.8938835042863645
num_limited_english_abilities,num_chlamydia_cases,0.8938602539483874
num_chlamydia_cases,num_overcrowding,0.8938306093201335
mean_temp_10d_avg,min_temp,0.8934545253165257
max_temp,mean_temp_10d_avg,0.8934466826221834
num_age_17_and_younger,num_overcrowding,0.893296320490492
num_multi_unit_housing,population,0.8932620946769835
num_black,annual_average_violent_crimes,0.8932484622133489
num_some_college,num_overcrowding,0.8932275453168557
num_workers_who_drive_alone,num_overcrowding,0.8931269873428949
num_institutionalized_in_group_quarters,num_single_parent_households_CHR,0.8929461491370252
dewpoint_15d_avg,min_temp_5d_avg,0.8927652132063219
num_minorities,num_multi_unit_housing,0.8927381756703278
num_mental_health_providers,num_deaths_2,0.8927063345505681
num_institutionalized_in_group_quarters,num_households_CHR,0.8926924587317608
num_mental_health_providers,num_deaths,0.8925894181325856
num_overcrowding,labor_force,0.8924457910839387
num_disabled,num_drug_overdose_deaths,0.8918295760771652
num_homeowners,num_drug_overdose_deaths,0.8917808430614288
annual_average_violent_crimes,num_uninsured,0.8917719247660912
num_households_CDC,num_not_proficient_in_english,0.8916726803670065
num_alcohol_impaired_driving_deaths,num_firearm_fatalities,0.8915813308793918
num_firearm_fatalities,annual_average_violent_crimes,0.8911451513366672
percent_fair_or_poor_health,average_number_of_physically_unhealthy_days,0.8910551309387899
min_temp_10d_avg,dewpoint_3d_avg,0.8910353347456441
mean_temp,max_temp_15d_avg,0.891022586221033
num_age_65_and_older,num_driving_deaths,0.8907555987630443
num_chlamydia_cases,num_black,0.8907538088882516
num_homeowners,num_uninsured_2,0.8907339462954146
num_uninsured,num_some_college,0.8907203168076004
num_deaths_5,num_below_poverty,0.8903487424656024
num_single_parent_households_CHR,num_mental_health_providers,0.8902967567641392
max_temp_15d_avg,min_temp_15d_avg,0.8901153154558018
num_motor_vehicle_deaths,num_no_highschool_diploma,0.8898884546964296
num_households_with_severe_cost_burden,num_injury_deaths,0.8897385350106479
num_households_CDC,num_limited_english_abilities,0.8896627700906523
annual_average_violent_crimes,num_hiv_cases,0.8895051191154697
num_driving_deaths,num_households_CDC,0.8893203698850938
num_associations,num_minorities,0.8891999071616274
num_deaths_4,num_no_highschool_diploma,0.8891106253619918
min_temp_15d_avg,dewpoint_5d_avg,0.8890549857298745
num_firearm_fatalities,num_disabled,0.8887635764349703
num_unemployed_CHR,num_non_hispanic_white,0.888552776514604
num_homeowners,num_alcohol_impaired_driving_deaths,0.8883467624476232
num_households_CHR,num_overcrowding,0.8881322902378921
num_housing_units,num_drug_overdose_deaths,0.8881196329505193
num_asian,population,0.8881158812976422
num_firearm_fatalities,num_single_parent_households_CDC,0.8879560026287263
num_non_hispanic_white,num_deaths_3,0.8879502220361017
num_uninsured_2,num_not_proficient_in_english,0.8878695503468685
num_no_highschool_diploma,num_multi_unit_housing,0.8874968201227963
eightieth_percentile_income,per_capita_income,0.8873189710082434
num_driving_deaths,population,0.8872073895086398
num_not_proficient_in_english,num_multi_unit_housing,0.8870989690735186
num_uninsured,num_homeowners,0.8869873230294011
percentile_rank_minority_status_and_language_theme,percentile_rank_limited_english_abilities,0.8867731563335813
min_temp_5d_avg,dewpoint,0.8867555479779223
num_single_parent_households_CHR,num_overcrowding,0.8867484143439246
num_uninsured_2,num_chlamydia_cases,0.8866180824278613
num_alcohol_impaired_driving_deaths,num_deaths_2,0.8866019968824146
num_deaths_3,num_no_highschool_diploma,0.886451921578021
percentile_rank_minorities,percentile_rank_minority_status_and_language_theme,0.8860187170249895
num_alcohol_impaired_driving_deaths,num_deaths,0.8857070691556468
num_overcrowding,num_single_parent_households_CDC,0.8856666018983755
num_uninsured,num_unemployed_CDC,0.8855964300342906
num_homeowners,num_minorities,0.8855525859673126
num_housing_units,num_not_proficient_in_english,0.885494400166647
num_hispanic,num_disabled,0.8853338635235848
num_limited_english_abilities,num_asian,0.8851823746144462
num_homeowners,num_mental_health_providers,0.8850894676071018
num_households_CHR,num_alcohol_impaired_driving_deaths,0.8850312312112035
num_households_CDC,num_multi_unit_housing,0.8849480278724301
max_temp_10d_avg,min_temp_10d_avg,0.884834996329359
dewpoint_5d_avg,min_temp,0.8847287282863351
num_not_proficient_in_english,annual_average_violent_crimes,0.8847092544798921
num_associations,num_motor_vehicle_deaths,0.8845488118240431
num_multi_unit_housing,num_single_parent_households_CDC,0.8844827013093837
num_some_college,num_hispanic,0.8840558904589392
num_limited_english_abilities,num_multi_unit_housing,0.883992749661591
num_uninsured_2,num_age_65_and_older,0.8839806189056229
mean_temp,min_temp_15d_avg,0.8838585917407131
num_deaths_5,num_uninsured_2,0.883847381640972
num_multi_unit_housing,num_housing_units,0.8838271457201702
num_multi_unit_housing,num_food_insecure,0.8838148812773023
num_age_65_and_older,num_not_proficient_in_english,0.8833644115117272
num_food_insecure,num_not_proficient_in_english,0.8833413311380283
num_housing_units,num_limited_english_abilities,0.8829772030107454
num_deaths_5,num_uninsured,0.8829004421125474
num_unemployed_CDC,num_driving_deaths,0.8828395672982299
num_asian,num_no_highschool_diploma,0.8827566154623196
num_minorities,num_hiv_cases,0.8825602615746456
max_temp_15d_avg,min_temp_10d_avg,0.8825463361367627
num_households_CDC,num_hispanic,0.882401385737828
num_limited_english_abilities,num_age_65_and_older,0.8822204872742168
num_overcrowding,num_mental_health_providers,0.8821276076020548
num_households_with_severe_cost_burden,num_uninsured_2,0.8819957216628641
num_black,num_deaths_4,0.8818303565984479
num_households_CDC,num_overcrowding,0.8817461549017813
num_not_proficient_in_english,num_disabled,0.881517244270032
num_age_17_and_younger,num_alcohol_impaired_driving_deaths,0.881115913907028
num_limited_english_abilities,annual_average_violent_crimes,0.8809758183463137
num_homeowners,annual_average_violent_crimes,0.8809214897271043
num_food_insecure,num_black,0.8808690641632623
num_associations,num_drug_overdose_deaths,0.8802973626163639
num_households_CHR,num_firearm_fatalities,0.8802668848898716
num_multi_unit_housing,num_unemployed_CDC,0.8800884654941408
num_asian,num_not_proficient_in_english,0.8800538155867138
num_multi_unit_housing,annual_average_violent_crimes,0.8799231334262074
num_limited_english_abilities,num_uninsured_2,0.8797221807677253
num_hispanic,num_dentists,0.8795691438596311
num_households_with_no_vehicle,deaths,0.879505800740173
num_motor_vehicle_deaths,num_dentists,0.8795036364290056
num_disabled,num_limited_english_abilities,0.8794060035711928
num_motor_vehicle_deaths,annual_average_violent_crimes,0.8793791863948882
num_age_65_and_older,num_drug_overdose_deaths,0.8793138125993611
num_deaths_5,num_chlamydia_cases,0.8793085558066988
num_limited_english_abilities,num_food_insecure,0.8792685863077937
num_injury_deaths,num_uninsured_2,0.8789683384439576
num_housing_units,num_firearm_fatalities,0.8787255009269818
num_households_CDC,num_drug_overdose_deaths,0.8786689754171295
num_asian,num_workers_who_drive_alone,0.8780958434861188
num_driving_deaths,num_below_poverty,0.8780609265720515
num_hispanic,num_housing_units,0.8779346291478204
num_hiv_cases,num_black,0.8777275259738442
num_associations,num_no_highschool_diploma,0.8775584126829603
num_age_17_and_younger,num_firearm_fatalities,0.8775075171308391
total_population,num_asian,0.8773185587607665
num_non_hispanic_white,num_single_parent_households_CHR,0.8771779436956044
num_alcohol_impaired_driving_deaths,num_uninsured,0.8770906010113078
num_institutionalized_in_group_quarters,num_minorities,0.8770039906041684
max_temp_10d_avg,min_temp_15d_avg,0.8767860029238761
num_age_65_and_older,num_hispanic,0.8767520175134104
num_uninsured,num_injury_deaths,0.8761465255576677
num_multi_unit_housing,num_overcrowding,0.8761063593955456
num_food_insecure,num_hiv_cases,0.8760814544021003
num_multi_unit_housing,total_population,0.8759984997708167
num_asian,labor_force,0.8759328928231959
num_chlamydia_cases,num_uninsured,0.8758281341139145
num_single_parent_households_CDC,num_hiv_cases,0.8758222152011385
num_chlamydia_cases,num_motor_vehicle_deaths,0.8756199492937916
num_uninsured_2,num_alcohol_impaired_driving_deaths,0.8750965972644683
num_hiv_cases,num_no_highschool_diploma,0.8750330470418078
num_asian,num_primary_care_physicians,0.8749558489921693
num_non_hispanic_white,num_deaths_4,0.874620553824
num_hiv_cases,num_not_proficient_in_english,0.8744065347166208
num_food_insecure,num_hispanic,0.874356493738356
num_homeowners,num_institutionalized_in_group_quarters,0.8741541753792581
mean_temp_15d_avg,min_temp,0.8741245183329936
min_temp_5d_avg,max_temp_5d_avg,0.874060352367433
num_non_hispanic_white,num_unemployed_CDC,0.8739375093518729
num_age_65_and_older,num_uninsured,0.8738182552884198
num_age_65_and_older,num_overcrowding,0.8738001867122014
num_households_with_severe_cost_burden,num_deaths_5,0.8737961570585027
dewpoint_15d_avg,min_temp_3d_avg,0.8736185241475724
annual_average_violent_crimes,num_mental_health_providers,0.8735932076342822
num_overcrowding,num_disabled,0.8735767368790804
num_dentists,num_uninsured_2,0.8735638209079958
num_not_proficient_in_english,num_uninsured,0.8728859520691249
num_deaths_3,num_drug_overdose_deaths,0.8728259633186882
num_deaths_4,num_alcohol_impaired_driving_deaths,0.8728114417906089
num_housing_units,num_overcrowding,0.8726924153979677
num_dentists,num_multi_unit_housing,0.8726873753301936
num_multi_unit_housing,num_workers_who_drive_alone,0.8725908040864735
population_2,num_asian,0.872390033149482
num_motor_vehicle_deaths,num_primary_care_physicians,0.8720651769652545
num_black,num_single_parent_households_CDC,0.872016273560126
num_food_insecure,num_overcrowding,0.8719314658075269
population,num_hiv_cases,0.871268309221811
num_no_highschool_diploma,num_homeowners,0.8710338582731604
num_single_parent_households_CHR,num_alcohol_impaired_driving_deaths,0.8708851271407863
num_black,num_deaths_3,0.8706823414328763
num_firearm_fatalities,num_households_CDC,0.8706265734919518
num_chlamydia_cases,num_hispanic,0.8705402791844729
num_deaths_4,num_drug_overdose_deaths,0.870439639339856
num_institutionalized_in_group_quarters,num_no_highschool_diploma,0.8701474476491594
num_hiv_cases,num_unemployed_CDC,0.8701188431923937
num_food_insecure,num_drug_overdose_deaths,0.8700915047099088
num_limited_english_abilities,num_hiv_cases,0.8699053596044732
num_institutionalized_in_group_quarters,num_injury_deaths,0.8697683015652783
num_motor_vehicle_deaths,num_households_with_severe_cost_burden,0.8697210257125252
num_firearm_fatalities,population_2,0.8694714030265489
population_2,num_multi_unit_housing,0.8693270346641534
num_firearm_fatalities,num_uninsured_2,0.869189643961787
num_black,num_single_parent_households_CHR,0.8689905876457533
num_single_parent_households_CDC,num_drug_overdose_deaths,0.868883980381006
num_firearm_fatalities,num_uninsured,0.8686841741942196
num_single_parent_households_CHR,num_multi_unit_housing,0.8686590249256372
min_temp_15d_avg,dewpoint_3d_avg,0.8686279010055268
num_hispanic,num_driving_deaths,0.8683502690250662
num_unemployed_CDC,num_asian,0.8681984483394075
max_temp,mean_temp_15d_avg,0.8681816152963404
num_some_college,num_hiv_cases,0.8680702325544244
twentieth_percentile_income,eightieth_percentile_income,0.8678046870276672
num_households_with_severe_cost_burden,num_uninsured,0.8676753994478836
num_deaths_3,num_uninsured_3,0.86764399281887
num_firearm_fatalities,num_unemployed_CHR,0.8675855484442866
annual_average_violent_crimes,num_institutionalized_in_group_quarters,0.8671964015005331
labor_force,num_multi_unit_housing,0.8669502543039922
num_uninsured_3,num_motor_vehicle_deaths,0.8668704789159519
median_household_income,per_capita_income,0.8664467555863745
dewpoint_15d_avg,mean_temp_15d_avg,0.8660815457721498
min_temp_5d_avg,max_temp_10d_avg,0.8658835629165744
percentile_rank_socioeconomic_theme,percent_below_poverty,0.865556838445996
num_limited_english_abilities,num_mental_health_providers,0.8654710489219285
num_single_parent_households_CHR,num_hiv_cases,0.8652660885141862
min_temp_3d_avg,max_temp_5d_avg,0.8652173590146495
num_age_65_and_older,num_multi_unit_housing,0.8651325199080514
annual_average_violent_crimes,num_deaths_5,0.86505435852525
max_temp_5d_avg,min_temp_10d_avg,0.8647216638541817
population_2,num_alcohol_impaired_driving_deaths,0.8646848789481871
num_firearm_fatalities,labor_force,0.8646583070268117
num_housing_units,num_hiv_cases,0.8644723055050363
num_limited_english_abilities,num_uninsured,0.8641530384019956
mean_temp_10d_avg,dewpoint_10d_avg,0.8641032672397461
num_firearm_fatalities,total_population,0.8640559648835038
num_non_hispanic_white,num_motor_vehicle_deaths,0.8637222453463091
num_hispanic,annual_average_violent_crimes,0.8636930302903825
num_injury_deaths,num_minorities,0.8634889793707601
num_asian,num_households_CDC,0.8630925672211807
num_uninsured,num_dentists,0.862951378614848
num_hiv_cases,num_households_CDC,0.8628486913827743
max_temp_3d_avg,min_temp_3d_avg,0.8628193945575594
num_disabled,num_alcohol_impaired_driving_deaths,0.8627830156075208
min_temp_5d_avg,max_temp_3d_avg,0.8624099364445074
num_some_college,num_driving_deaths,0.8623970085598766
num_driving_deaths,num_minorities,0.8622433002725197
num_non_hispanic_white,num_mental_health_providers,0.8622062586633492
num_mental_health_providers,num_not_proficient_in_english,0.8621765063348295
num_overcrowding,annual_average_violent_crimes,0.8608799502768236
num_workers_who_drive_alone,num_firearm_fatalities,0.8608413523494528
num_disabled,num_multi_unit_housing,0.8607604270490015
dewpoint_5d_avg,mean_temp_5d_avg,0.8607306071170593
num_asian,num_age_17_and_younger,0.8604796535703562
num_firearm_fatalities,num_associations,0.8603792914698779
dewpoint,min_temp_10d_avg,0.8602780530616396
min_temp,dewpoint_10d_avg,0.860234990606552
num_firearm_fatalities,num_unemployed_CDC,0.8599015899325899
num_drug_overdose_deaths,num_deaths_5,0.8598038776231515
num_multi_unit_housing,num_unemployed_CHR,0.8598018786597218
num_unemployed_CHR,num_alcohol_impaired_driving_deaths,0.8595148282422955
num_drug_overdose_deaths,num_single_parent_households_CHR,0.8593957789892427
num_primary_care_physicians,num_uninsured_2,0.858546286120947
num_firearm_fatalities,num_chlamydia_cases,0.8583654955886549
num_associations,num_driving_deaths,0.8583465285920332
num_deaths_5,num_minorities,0.857954077165766
num_injury_deaths,num_mental_health_providers,0.8577814070836091
num_alcohol_impaired_driving_deaths,num_limited_access,0.8577534820016001
labor_force,num_alcohol_impaired_driving_deaths,0.8576676763736405
num_unemployed_CHR,num_asian,0.8575000097055739
num_hispanic,num_deaths,0.8574664673522213
num_single_parent_households_CDC,num_alcohol_impaired_driving_deaths,0.8574561272418816
num_uninsured_2,num_associations,0.8573069447192585
dewpoint_15d_avg,mean_temp_10d_avg,0.8567622033047122
num_hispanic,num_deaths_2,0.8567360007092119
num_no_highschool_diploma,num_driving_deaths,0.8566934581684374
dewpoint_3d_avg,mean_temp_3d_avg,0.8566194744445398
mean_temp_15d_avg,dewpoint_10d_avg,0.8565780025713302
num_firearm_fatalities,population,0.8564820363980393
num_households_CHR,num_asian,0.8563483243104969
num_chlamydia_cases,num_drug_overdose_deaths,0.8562049552182739
num_not_proficient_in_english,num_primary_care_physicians,0.8558607350354049
total_population,num_alcohol_impaired_driving_deaths,0.8558326525269716
num_deaths_2,num_black,0.8558004117279784
num_deaths,num_black,0.8555656237836076
total_population,num_drug_overdose_deaths,0.8554921502545036
max_temp_15d_avg,min_temp_5d_avg,0.8554547531531619
num_institutionalized_in_group_quarters,num_non_hispanic_white,0.8552956136288269
num_alcohol_impaired_driving_deaths,num_food_insecure,0.855142196555247
num_drug_overdose_deaths,population_2,0.8551071377558569
num_primary_care_physicians,num_limited_english_abilities,0.8550836661831268
num_primary_care_physicians,num_multi_unit_housing,0.8549865256714245
num_non_hispanic_white,num_chlamydia_cases,0.854487494030007
num_households_with_severe_cost_burden,num_non_hispanic_white,0.8542886062271494
num_primary_care_physicians,num_drug_overdose_deaths,0.8539924630069358
percent_fair_or_poor_health,percent_frequent_mental_distress,0.8537945755494669
num_no_highschool_diploma,num_injury_deaths,0.853684721014147
num_driving_deaths,num_uninsured_3,0.8536606951429451
total_population,num_hiv_cases,0.8536142702971296
mean_temp_3d_avg,dewpoint_5d_avg,0.853545501329784
num_workers_who_drive_alone,num_drug_overdose_deaths,0.8533639600960752
labor_force,num_drug_overdose_deaths,0.8528326348902172
num_below_poverty,num_firearm_fatalities,0.8522493838863419
num_mental_health_providers,num_deaths_5,0.8519786026839701
num_asian,num_age_65_and_older,0.8519401317649492
num_hiv_cases,num_overcrowding,0.8517641223662251
num_drug_overdose_deaths,num_unemployed_CDC,0.8516472499560126
num_workers_who_drive_alone,num_alcohol_impaired_driving_deaths,0.8516147647877956
num_institutionalized_in_group_quarters,num_deaths_4,0.8512423517744211
dewpoint_3d_avg,mean_temp_5d_avg,0.8507828447886298
num_firearm_fatalities,num_drug_overdose_deaths,0.8507818684536839
percentile_rank_socioeconomic_theme,percentile_rank_no_highschool_diploma,0.8501902962011227
num_asian,num_housing_units,0.8501231908599247
num_associations,num_uninsured,0.8497475895426161
mean_temp_5d_avg,dewpoint_10d_avg,0.8496969718262554
num_driving_deaths,annual_average_violent_crimes,0.8495108482368984
num_no_highschool_diploma,num_deaths_5,0.8494988167327003
num_firearm_fatalities,num_age_65_and_older,0.8493338693518664
min_temp_3d_avg,max_temp_10d_avg,0.8492700708738553
num_black,num_housing_units,0.8490746236587615
num_hiv_cases,num_disabled,0.8489575562437864
num_uninsured,num_primary_care_physicians,0.8488482170138936
num_housing_units,num_alcohol_impaired_driving_deaths,0.848775084154724
percent_children_in_poverty,percent_below_poverty,0.8485103705612806
num_multi_unit_housing,num_age_17_and_younger,0.8484767533653519
num_below_poverty,num_black,0.8475065891775238
num_workers_who_drive_alone,num_hiv_cases,0.8473312799692174
num_uninsured_3,num_alcohol_impaired_driving_deaths,0.8471112486407922
num_driving_deaths,num_dentists,0.8468515130383677
num_hiv_cases,population_2,0.8467351409748449
num_deaths_4,num_uninsured_3,0.846581456417578
num_non_hispanic_white,num_driving_deaths,0.8462860481521752
mean_temp,dewpoint,0.8461158618338182
num_multi_unit_housing,num_mental_health_providers,0.8460324763077559
num_institutionalized_in_group_quarters,num_deaths_3,0.8458978618043864
max_temp_3d_avg,min_temp_10d_avg,0.8455742981868325
max_temp_5d_avg,min_temp_15d_avg,0.8455562101306632
num_drug_overdose_deaths,num_some_college,0.8454863821662603
num_multi_unit_housing,num_households_CHR,0.8451502087511852
num_alcohol_impaired_driving_deaths,num_households_CDC,0.8449069819993899
num_hiv_cases,num_unemployed_CHR,0.8448858591936413
num_overcrowding,num_primary_care_physicians,0.8447839757296357
num_below_poverty,num_asian,0.8445072952818315
num_uninsured_3,num_households_CHR,0.8444521847124038
dewpoint_5d_avg,mean_temp_10d_avg,0.8444235426616411
num_not_proficient_in_english,num_deaths,0.8443754111965105
num_below_poverty,num_non_hispanic_white,0.8442181555952458
percentile_rank_socioeconomic_theme,percent_children_in_poverty,0.8438269640294862
num_deaths_3,num_hispanic,0.8435693015707969
num_drug_overdose_deaths,annual_average_violent_crimes,0.843554393949882
num_chlamydia_cases,num_asian,0.8433886574536102
num_primary_care_physicians,num_driving_deaths,0.8433620813537045
num_deaths_2,num_not_proficient_in_english,0.8433509097272186
num_unemployed_CDC,num_black,0.8432529560071439
percentile_rank_below_poverty,percentile_rank_social_vulnerability,0.8432422753195485
mean_temp,dewpoint_3d_avg,0.8429303531795005
percentile_rank_socioeconomic_theme,percent_frequent_physical_distress,0.8428371392117071
num_chlamydia_cases,num_driving_deaths,0.8427395546723788
num_alcohol_impaired_driving_deaths,population,0.8427287327973053
num_age_65_and_older,num_hiv_cases,0.8424706100198054
num_some_college,num_firearm_fatalities,0.8423262571945074
labor_force,num_hiv_cases,0.8420465770355017
num_households_CDC,num_black,0.8419420069276627
num_age_17_and_younger,num_drug_overdose_deaths,0.8416466326045651
percent_fair_or_poor_health,percentile_rank_socioeconomic_theme,0.8414886982147992
num_limited_english_abilities,num_deaths,0.8412812769207075
num_drug_overdose_deaths,population,0.8412791562666841
max_temp,min_temp_3d_avg,0.8411151664449239
num_households_CHR,num_drug_overdose_deaths,0.8411051321979737
num_unemployed_CHR,num_drug_overdose_deaths,0.8406746441591558
num_deaths_2,num_limited_english_abilities,0.8402354185437012
min_temp,max_temp_3d_avg,0.8400901258266851
num_dentists,num_hiv_cases,0.8398958706901778
average_grade_performance,average_grade_performance_2,0.8396674410712608
num_non_hispanic_white,num_firearm_fatalities,0.8394670789751891
num_hispanic,num_deaths_4,0.8391475207138931
mean_temp_3d_avg,dewpoint,0.8384463962237797
min_temp,dewpoint_15d_avg,0.8384391570255716
num_food_insecure,num_uninsured_3,0.8381620504977495
num_primary_care_physicians,num_hispanic,0.8380545831831425
num_institutionalized_in_group_quarters,num_deaths_5,0.8376764720407809
num_single_parent_households_CHR,num_uninsured_3,0.8375775467122112
num_driving_deaths,num_limited_access,0.8374935967496248
dewpoint,min_temp_15d_avg,0.8372917905800632
min_temp_3d_avg,max_temp_15d_avg,0.8369474616051453
num_disabled,num_black,0.8368181113978852
num_driving_deaths,num_households_with_severe_cost_burden,0.8364958127444113
num_age_17_and_younger,num_uninsured_3,0.8361532958938842
percent_frequent_physical_distress,percent_below_poverty,0.8358867263712407
min_temp,max_temp_5d_avg,0.8352852769201924
num_multi_unit_housing,num_black,0.8351772075602302
mean_temp_3d_avg,dewpoint_10d_avg,0.8350673723249995
num_dentists,num_drug_overdose_deaths,0.8342686220959048
max_temp,min_temp_5d_avg,0.8334738410735248
num_asian,num_disabled,0.8333642974601133
num_alcohol_impaired_driving_deaths,num_age_65_and_older,0.8329167420875467
num_associations,num_black,0.8328265599744822
num_alcohol_impaired_driving_deaths,num_unemployed_CDC,0.8327318054060274
mean_temp_5d_avg,dewpoint_15d_avg,0.8317045524809628
num_primary_care_physicians,num_firearm_fatalities,0.8313497117110931
dewpoint_5d_avg,mean_temp,0.8313263726355639
num_households_with_severe_cost_burden,num_black,0.8311608105019785
num_uninsured_3,num_deaths_5,0.8300054452954078
num_motor_vehicle_deaths,num_limited_access,0.8298621054890679
num_homeowners,num_hispanic,0.8298586314254459
population,num_black,0.8297647186022363
num_deaths,num_overcrowding,0.8295763361371306
num_overcrowding,num_deaths_2,0.8287707748078482
num_deaths_4,num_mental_health_providers,0.8287570782913221
num_multi_unit_housing,num_asian,0.8285367329054186
num_single_parent_households_CDC,num_asian,0.8285201855855783
num_drug_overdose_deaths,num_below_poverty,0.8284947332930912
num_deaths_3,num_mental_health_providers,0.8282917836533489
num_asian,num_food_insecure,0.8281554354396422
dewpoint_5d_avg,mean_temp_15d_avg,0.8281062464735897
num_some_college,num_black,0.8278796210107516
num_deaths_5,num_hispanic,0.8273409934380578
num_hispanic,num_mental_health_providers,0.8273201233304551
num_motor_vehicle_deaths,num_not_proficient_in_english,0.827098361151448
mean_temp_10d_avg,dewpoint_3d_avg,0.8270931520034362
num_uninsured_2,num_overcrowding,0.8265935288671584
num_institutionalized_in_group_quarters,num_multi_unit_housing,0.8265760028281591
max_temp,min_temp,0.8264288991387142
num_age_17_and_younger,num_hiv_cases,0.8261175741464484
num_associations,num_multi_unit_housing,0.8261102300210402
num_deaths,num_multi_unit_housing,0.8259201513725224
num_multi_unit_housing,num_deaths_2,0.8252231794140923
percent_limited_english_abilities,percent_hispanic,0.825162943813658
percentile_rank_below_poverty,percent_children_in_poverty,0.8246370900626812
dewpoint,mean_temp_5d_avg,0.8244257579749624
num_below_poverty,num_alcohol_impaired_driving_deaths,0.824385938353934
num_hiv_cases,num_primary_care_physicians,0.8243329103114362
min_temp_15d_avg,max_temp_3d_avg,0.8242355042169686
num_hiv_cases,num_institutionalized_in_group_quarters,0.8235513272202529
num_hispanic,num_asian,0.8235092785991462
num_associations,num_alcohol_impaired_driving_deaths,0.823495112074185
num_drug_overdose_deaths,num_institutionalized_in_group_quarters,0.8233113673577624
num_hiv_cases,num_households_CHR,0.8229963844127004
num_alcohol_impaired_driving_deaths,num_non_hispanic_white,0.8229784698798118
num_overcrowding,num_institutionalized_in_group_quarters,0.822781407024331
num_motor_vehicle_deaths,num_limited_english_abilities,0.8227650597974788
num_uninsured_3,num_single_parent_households_CDC,0.8224768505081156
num_black,total_population,0.8223523643936242
percent_below_poverty,percent_fair_or_poor_health,0.8223346381938506
num_drug_overdose_deaths,num_households_with_severe_cost_burden,0.8218903480558072
num_drug_overdose_deaths,num_black,0.8215894129842191
percent_fair_or_poor_health,percent_children_in_poverty,0.8213973594045844
num_firearm_fatalities,num_dentists,0.8210677687380378
num_deaths_4,num_not_proficient_in_english,0.8206898672917122
twentieth_percentile_income,per_capita_income,0.8204689235706513
num_deaths,num_hiv_cases,0.820264031215174
num_hiv_cases,num_deaths_2,0.8199745910744735
percent_smokers,percent_frequent_physical_distress,0.819335677473298
num_uninsured_3,num_firearm_fatalities,0.8190134276893001
population_2,num_black,0.8188249193063917
num_asian,num_single_parent_households_CHR,0.81862558899769
num_alcohol_impaired_driving_deaths,num_hispanic,0.818552205069982
num_black,num_injury_deaths,0.8184609282783075
num_black,num_workers_who_drive_alone,0.8181864291337724
deaths,num_multi_unit_housing,0.8175084183793988
num_institutionalized_in_group_quarters,num_limited_english_abilities,0.8174483215558173
num_alcohol_impaired_driving_deaths,num_some_college,0.8173817894364047
num_not_proficient_in_english,num_institutionalized_in_group_quarters,0.8170197001296798
num_institutionalized_in_group_quarters,num_motor_vehicle_deaths,0.8168280053289387
percent_smokers,percent_frequent_mental_distress,0.8165865665874915
percent_not_proficient_in_english,percent_hispanic,0.8163349768652955
percent_uninsured_3,percent_uninsured,0.8162801146337787
percentile_rank_socioeconomic_theme,average_number_of_physically_unhealthy_days,0.8162306444651337
max_temp_10d_avg,min_temp,0.8160739011965696
num_deaths_3,num_not_proficient_in_english,0.8154305748126528
num_limited_english_abilities,num_deaths_4,0.8153425438835231
num_mental_health_providers,num_hiv_cases,0.8151562490312093
dewpoint_15d_avg,mean_temp_3d_avg,0.814793371716083
num_hiv_cases,num_associations,0.81457411753743
num_uninsured_3,num_homeowners,0.8145055996581463
max_temp,min_temp_10d_avg,0.8135153070803384
num_black,labor_force,0.813490523467165
percent_frequent_physical_distress,percentile_rank_below_poverty,0.8133911129047716
num_uninsured_3,population_2,0.8133867507320703
num_black,num_age_17_and_younger,0.8129095996243045
percent_frequent_mental_distress,percentile_rank_socioeconomic_theme,0.8127838993237527
num_households_CHR,num_black,0.8125742711663063
annual_average_violent_crimes,num_non_hispanic_white,0.8122220824112693
num_black,num_unemployed_CHR,0.8119464756879881
num_associations,num_not_proficient_in_english,0.8118630684700733
average_number_of_physically_unhealthy_days,percent_smokers,0.8117199806792759
percent_below_poverty,percent_food_insecure,0.8112559673421854
num_overcrowding,num_uninsured,0.8107660956514426
num_minorities,num_black,0.8103281898176193
dewpoint_10d_avg,mean_temp,0.81006942152801
num_injury_deaths,num_uninsured_3,0.8099208357786362
num_limited_english_abilities,num_associations,0.8098851355361447
num_firearm_fatalities,num_minorities,0.8098267664259029
num_mental_health_providers,num_motor_vehicle_deaths,0.809755032474859
labor_force,num_uninsured_3,0.8097437539267858
num_limited_english_abilities,num_deaths_3,0.8096122435055654
num_institutionalized_in_group_quarters,num_asian,0.8091698175277833
mean_temp_15d_avg,dewpoint_3d_avg,0.8089736184630332
num_hiv_cases,deaths,0.808792883350267
num_associations,num_asian,0.8084600063731752
max_wind_speed,wind_speed,0.8080441806584736
num_uninsured_3,num_deaths_2,0.8080332788241184
child_mortality_rate,infant_mortality_rate,0.8079172684946768
num_uninsured_3,num_deaths,0.8072541514098682
num_alcohol_impaired_driving_deaths,num_minorities,0.8067730306448629
percentile_rank_below_poverty,percentile_rank_per_capita_income,0.8054415842576619
num_primary_care_physicians,num_black,0.8054089549736684
num_uninsured_3,num_workers_who_drive_alone,0.8054053210800205
num_associations,num_overcrowding,0.8046395126466684
num_alcohol_impaired_driving_deaths,num_no_highschool_diploma,0.8034769834559117
num_american_indian_alaska_native,num_unemployed_CHR,0.8033993863858124
num_black,num_age_65_and_older,0.8031246699554381
max_temp_15d_avg,min_temp,0.8030781199039451
num_alcohol_impaired_driving_deaths,num_dentists,0.8029571472866285
num_uninsured_3,population,0.8029539348324275
num_motor_vehicle_deaths,num_overcrowding,0.8026287522882332
num_alcohol_impaired_driving_deaths,annual_average_violent_crimes,0.8025775649109244
num_uninsured_3,num_limited_access,0.8022022218788938
num_black,num_firearm_fatalities,0.8012902270976163
num_uninsured_3,total_population,0.800975189275491
num_associations,num_hispanic,0.8006980426376836
num_below_poverty,num_american_indian_alaska_native,0.800557264350453
num_homeowners,num_not_proficient_in_english,0.8004670715574491
percent_children_in_poverty,twentieth_percentile_income,-0.8081005368574032
per_capita_income,percentile_rank_socioeconomic_theme,-0.8139271873774305
percentile_rank_below_poverty,twentieth_percentile_income,-0.8184304291680913
percentile_rank_per_capita_income,per_capita_income,-0.917742270017001
percentile_rank_minorities,percent_non_hispanic_white,-0.9200455260292216
years_of_potential_life_lost_rate,life_expectancy,-0.9254011060084694
life_expectancy,age_adjusted_death_rate,-0.9421907878334461
percent_minorities,percent_non_hispanic_white,-0.9974516827932168
